"unitid","institution name","year","DRVGR2013.Graduation rate, total cohort","DRVIC2013.Percent admitted - total","DRVIC2013.Admissions yield - total","DRVIC2013.Tuition and fees, 2013-14","DRVIC2013.Total price for in-state students living on campus 2013-14","DRVIC2013.Total price for out-of-state students living on campus 2013-14","DRVEF2013.Total  enrollment","DRVEF2013.Undergraduate enrollment","DRVEF2013.Percent of total enrollment that are American Indian or Alaska Native","DRVEF2013.Percent of total enrollment that are Asian","DRVEF2013.Percent of total enrollment that are Black or African American","DRVEF2013.Percent of total enrollment that are Hispanic/Latino","DRVEF2013.Percent of total enrollment that are Native Hawaiian or Other Pacific Islander","DRVEF2013.Percent of total enrollment that are White","EF2013D.Student-to-faculty ratio","EF2013D.Full-time retention rate, 2013","SFA1213.Percent of full-time first-time undergraduates receiving any financial aid","SFA1213.Average amount of federal, state, local or institutional grant aid received","SFA1213.Average amount of student loan aid received by full-time first-time undergraduates","SFA1213.Average net price-students receiving grant or scholarship aid, 2012-13","SFA1213.Average net price (income 0-30,000)-students receiving Title IV Federal financial aid,2012-13","SFA1213.Average net price-students receiving grant or scholarship aid, 2012-13","SFA1213.Average net price (income 0-30,000)-students receiving Title IV Federal financial aid, 2012-13","IC2013.SAT Critical Reading 25th percentile score","IC2013.SAT Critical Reading 75th percentile score","IC2013.SAT Math 25th percentile score","IC2013.SAT Math 75th percentile score","IC2013.SAT Writing 25th percentile score","IC2013.SAT Writing 75th percentile score","IC2013.ACT Composite 25th percentile score","IC2013.ACT Composite 75th percentile score"
"108232","Academy of Art University","2013","32",,,"19130","37828","37828","16001","10508","0","7","6","8","0","25","16","71","62","7319","7055",,,"26905","28224",,,,,,,,
"108250","ITT Technical Institute-Rancho Cordova","2013","42","38","29","18048",,,"510","510","2","6","11","10","1","51","17",,"84","4536","9576",,,"22225","21107",,,,,,,,
"109651","Art Center College of Design","2013","64","82","42","36480",,,"1985","1767","0","32","1","10","1","22","9","80","61","13748","7275",,,"43055","40082",,,,,,,,
"110185","Brooks Institute","2013","37","98","25","20120",,,"518","492","0","1","1","6","0","14","9","77","79","6190","8567",,,"26833","26746",,,,,,,,
"110316","California Institute of Integral Studies","2013",,,,,,,"1271","75","0","5","5","10","0","62","15",,,,,,,,,,,,,,,,
"110370","California College of the Arts","2013","62","82","20","40334","56134","56134","1949","1502","0","15","4","13","1","34","9","82","79","18696","7285",,,"35127","25131",,,,,,,,
"110404","California Institute of Technology","2013","93","11","43","41538","58755","58755","2181","977","0","26","1","7","0","35","3","97","73","32074","5537",,,"24308","9110","720","800","770","800","720","790","33","35"
"110422","California Polytechnic State University-San Luis Obispo","2013","70","31","32","8724","24285","35445","19703","18739","0","11","1","15","0","60","21","92","50","6583","5843","17365","9938",,,"550","650","590","690",,,"25","30"
"110468","Alliant International University","2013",,"49","44","15816","29986","29986","4201","917","0","6","6","20","0","40","13","75","75","9933","8933",,,"18968","19768",,,,,,,,
"110486","California State University-Bakersfield","2013","39","66","30","6775","21186","32346","8371","7350","1","6","6","47","0","21","24","74","81","10070","4647","8117","6299",,,"390","500","400","520",,,"15","22"
"110495","California State University-Stanislaus","2013","52","72","27","6491","22433","33593","8917","7754","0","11","3","44","1","29","21","87","82","10006","4838","7190","4711",,,"400","510","410","520",,,"16","22"
"110510","California State University-San Bernardino","2013","41","58","34","6550","20377","31537","18398","16191","0","6","7","52","0","19","27","89","85","10675","4811","6571","4967",,,"390","490","400","510",,,"16","20"
"110529","California State Polytechnic University-Pomona","2013","52","52","21","6350","22571","33731","22501","20952","0","24","3","36","0","22","28","90","68","8918","5836","10693","7599",,,"460","570","490","620",,,"20","26"
"110538","California State University-Chico","2013","56","72","22","6972","22362","33522","16356","15290","1","6","2","22","0","52","24","87","63","9884","5113","12836","9956",,,"450","550","460","570",,,"19","24"
"110547","California State University-Dominguez Hills","2013","29","57","14","6100","21286","32446","14670","12481","0","10","16","50","0","12","23","79","88","10263","4636","2791","1592",,,"380","470","380","470",,,"15","19"
"110556","California State University-Fresno","2013","49","58","33","6287","20682","31842","23060","20295","0","15","4","41","0","26","22","83","80","10046","4965","6228","4281",,,"400","510","410","530",,,"16","22"
"110565","California State University-Fullerton","2013","53","46","25","6186","23505","34665","38325","33116","0","21","2","35","0","27","24","89","66","9583","5450","6885","4449",,,"450","550","470","580",,,"19","24"
"110574","California State University-East Bay","2013","38","69","18","6550","22312","33472","14526","12146","0","23","10","23","1","20","25","78","75","9537","5630","11230","8800",,,"400","500","400","520",,,"16","22"
"110583","California State University-Long Beach","2013","60","31","25","6240","22106","33266","35586","30593","1","22","4","35","0","22","22","89","71","9931","5368","8169","6048",,,"440","550","460","590",,,"18","24"
"110592","California State University-Los Angeles","2013","36","68","16","6344","21705","32865","23258","19589","0","16","5","56","0","10","24","82","82","9979","4057","4756","3207",,,"380","480","390","510",,,"15","20"
"110608","California State University-Northridge","2013","46","46","31","6525","21669","32829","38310","33771","0","11","6","38","0","27","24","78","74","10747","4855","10500","8779",,,"400","510","400","530",,,"16","22"
"110617","California State University-Sacramento","2013","43","70","23","6628","23209","34369","28811","26094","0","20","6","25","1","33","26","83","79","10364","5488","9006","6971",,,"410","520","430","540",,,"17","22"
"110635","University of California-Berkeley","2013","91","18","37","12864","33319","56197","36198","25951","0","30","2","12","0","31","17","96","69","16619","5839","16614","8506",,,"590","720","630","770","620","750","27","33"
"110644","University of California-Davis","2013","81","45","23","13895","33066","55944","33307","26533","0","31","2","16","0","34","17","93","77","16410","5574","15641","9573",,,"510","640","560","680","530","650","23","29"
"110653","University of California-Irvine","2013","86","42","21","13149","30504","53382","28895","23530","0","39","2","19","0","21","19","92","77","17214","5357","11569","8096",,,"460","600","530","670","490","620","21","27"
"110662","University of California-Los Angeles","2013","90","22","35","12697","32416","55294","40795","28674","0","28","3","16","0","32","16","96","62","17703","6214","13686","8883",,,"560","680","600","760","590","710","25","31"
"110671","University of California-Riverside","2013","66","62","21","12960","32238","55116","21207","18621","0","33","5","33","0","17","19","89","86","18714","5101","11351","7651",,,"470","580","500","630","480","590","20","25"
"110680","University of California-San Diego","2013","86","38","20","13271","30470","53348","29517","23805","0","35","1","14","0","27","19","94","62","15654","5611","14329","8861",,,"550","660","620","730","580","690","25","31"
"110705","University of California-Santa Barbara","2013","81","44","19","13746","34051","56929","22225","19362","0","16","2","23","0","41","17","92","70","18022","6027","13991","9546",,,"530","650","560","690","550","660","24","29"
"110714","University of California-Santa Cruz","2013","73","60","19","13397","33153","56031","17203","15695","0","19","2","29","0","38","18","89","80","19569","5708","13748","9989",,,"470","610","490","620","470","610","20","26"
"111081","California Institute of the Arts","2013","57","30","47","40536","58296","58296","1489","995","1","9","6","10","1","43","7","85","69","13684","9735",,,"42794","36643",,,,,,,,
"111188","California Maritime Academy","2013","59","75","30","6536","21102","32262","1045","1045","0","8","2","16","1","58","14","82","68","7923","6509","14300","11371",,,"470","580","490","610",,,"21","26"
"111966","Charles R Drew University of Medicine and Science","2013",,"89","75","11956",,,"515","85","0","20","31","13","3","5","7","100","100","4200",,,,"22741",,"348","405","333","383","385","445",,
"112260","Claremont McKenna College","2013","93","12","52","45625","62010","62010","1328","1316","0","11","4","11","0","44","9","96","53","35693","8446",,,"24372","11104","650","740","670","760","660","750","29","33"
"112394","Cogswell College","2013","31","78","68","16160","31860","31860","472","462","0","12","3","14","3","43","10","80","100","8764","7267",,,"23030","19885",,,,,,,,
"112446","Coleman University","2013","51","100","73","20200",,,"833","532","0","9","6","12","1","34","7",,"90","5698","7365",,,"20576","26043",,,,,,,,
"112570","Columbia College-Hollywood","2013","49","55","48","18804","34424","34424","314","314","0","6","18","18","0","47","11","64","72","6637","7785",,,"22738","23237",,,,,,,,
"113582","Design Institute of San Diego","2013","67",,,"20470",,,"181","181","0","6","4","13","0","67","12","63","75","7455","7564",,,"22745","23764",,,,,,,,
"113698","Dominican University of California","2013","54","78","17","40600","58860","58860","2147","1603","1","14","4","19","1","38","10","86","98","23353","11424",,,"32734","26060","480","570","480","590","480","580","20","25"
"114354","Fashion Institute of Design & Merchandising-Los Angeles","2013","62","57","65","28920",,,"3459","3459","0","12","6","23","1","34","23","93","73","6846","8211",,,"36040","35423",,,,,,,,
"114390","Fashion Institute of Design & Merchandising-San Francisco","2013","62","64","67","28920",,,"637","637","1","18","5","22","2","38","24","100","88","7471","8280",,,"35166","33247",,,,,,,,
"115083","Golden Gate University-San Francisco","2013",,,,"14400",,,"3227","475","0","18","6","10","1","31","14",,,,,,,,,,,,,,,,
"115409","Harvey Mudd College","2013","91","18","34","46509","63860","63860","807","807","0","22","1","9","0","47","8","99","75","29814","5476",,,"30799","7080","680","760","720","800","670","760","32","35"
"115755","Humboldt State University","2013","40","80","15","7144","22556","33716","8293","7767","1","3","4","26","0","51","21","78","74","9873","5787","13193","10579",,,"450","580","440","560",,,"18","24"
"115773","Humphreys College-Stockton and Modesto Campuses","2013","93",,,"11277",,,"990","757","1","8","15","41","0","29","22","69","73","7075","5109",,,"14544","14280",,,,,,,,
"116226","Interior Designers Institute","2013",,,,,,,"296","295","1","13","1","13","0","66","15",,,,,,,,,,,,,,,,
"116466","ITT Technical Institute-National City","2013","27","93","47","18048",,,"1209","1209","1","14","18","31","1","26","36",,"82","4148","8526",,,"22953","22582",,,,,,,,
"116475","ITT Technical Institute-San Dimas","2013","39","96","41","18048",,,"534","534","0","6","7","55","1","23","24",,"96","5178","9451",,,"21213","20403",,,,,,,,
"116484","ITT Technical Institute-Orange","2013","37","91","37","18048",,,"823","823","1","10","6","49","1","29","33",,"88","4149","8664",,,"22097","21141",,,,,,,,
"116712","John F Kennedy University","2013",,,,,,,"1356","279","2","10","11","6","1","54","4",,,,,,,,,,,,,,,,
"117113","The Art Institute of California-Argosy University San Diego","2013","43",,,"18748","36211","36211","1869","1869","0","1","1","33","0","2","24","62","90","6030","8538",,,"24642","23595",,,,,,,,
"117140","University of La Verne","2013","59","39","23","35000","51997","51997","8796","5216","0","5","6","40","0","25","17","88","97","23466","6937",,,"21720","16128","460","550","470","580","460","560","20","25"
"117168","Laguna College of Art and Design","2013","63","43","32","26500","43238","43238","544","514","1","17","2","15","1","46","12","84","100","10685","6749",,,"29380","34916",,,,,,,,
"117557","Lincoln University","2013","76",,,"10105",,,"492","116","0","5","2","1","0","10","36","73","22","5148","7000",,,"15577","15577",,,,,,,,
"117928","The Art Institute of California-Argosy University San Francisco","2013","36",,,"18748","35119","35119","1317","1304","0","6","4","30","1","12","15","55","93","6571","8339",,,"26878","26647",,,,,,,,
"118693","Menlo College","2013","41","37","9","37100","53834","53834","745","745","0","7","6","21","2","36","15","82","98","22144","7352",,,"29307","21734","432","532","450","565","425","513","19","25"
"118888","Mills College","2013","61","68","17","41494","56812","56812","1595","985","1","10","8","18","1","48","10","81","100","27716","7444",,,"26773","19288","540","640","500","610","520","620","23","28"
"119058","Monterey Institute of International Studies","2013",,,,,,,"731","22","0","6","1","8","0","45","1",,,,,,,,,,,,,,,,
"119270","Musicians Institute","2013","54","99","53","23985",,,"1204","1204","1","3","8","14","0","31","6","56","78","5075","7509",,,"34573","33592",,,,,,,,
"119544","The National Hispanic University","2013","46",,,"8196",,,"813","509","1","1","2","34","0","13","8","60","98","6015","5538",,,"17171","16334",,,,,,,,
"119605","National University","2013","31",,,"12096",,,"18207","10074","1","9","11","24","1","43","22","77","41","2969","10497",,,"21142","21407",,,,,,,,
"119775","Newschool of Architecture and Design","2013","35","79","45","24536",,,"514","375","0","9","4","29","0","30","9","50","94","8617","5127",,,"36617","31693",,,,,,,,
"120166","Northwestern Polytechnic University","2013","48",,,"8300",,,"988","183","0","14","0","0","0","1","29","83","2","1000",,,,"11820",,,,,,,,,
"120254","Occidental College","2013","88","42","21","46652","63363","63363","2128","2128","0","13","4","16","0","51","10","93","69","30929","7418",,,"29726","15635","600","700","610","700","610","700","27","31"
"120403","Otis College of Art and Design","2013","57","46","22","39430","55430","55430","1086","1032","1","31","4","13","0","23","5","81","91","18443","6730",,,"34347","26972","430","550","430","580",,,"19","25"
"120698","Palo Alto University","2013",,,,,,,"948","191","0","16","4","13","0","48","16",,,,,,,,,,,,,,,,
"120768","Pacific Oaks College","2013",,,,,,,"1072","415","1","4","13","44","1","28","10",,,,,,,,,,,,,,,,
"120838","Pacific States University","2013","100",,,"19340","37540","37540","173","14","0","7","0","0","0","1","12","0","100","1387","1500",,,"30753","30753",,,,,,,,
"120883","University of the Pacific","2013","57","73","9","39810","57033","57033","6421","3877","1","32","3","15","0","36","14","87","91","19619","5867",,,"33437","21617","500","640","530","680","500","640","22","29"
"121257","Pitzer College","2013","82","15","44","45018","61416","61416","1081","1081","0","6","5","15","0","49","12","91","41","36127","5257",,,"23139","11907",,,,,,,,
"121275","Platt College-San Diego","2013","73",,,"23250",,,"370","370","1","9","11","25","0","38","20",,"81","5609","11342",,,"35580","35081",,,,,,,,
"121345","Pomona College","2013","96","14","40","43580","59730","59730","1610","1610","0","12","6","15","0","44","7","97","68","39595","5072",,,"17419","4712","690","760","690","780","690","780","31","34"
"121381","Westwood College-South Bay","2013","60",,,"15122",,,"571","571","1","4","20","19","2","8","22","55","100","4923","13126",,,"24862","24954",,,,,,,,
"121691","University of Redlands","2013","73","67","21","41290","58559","58559","5147","3607","1","6","7","27","1","46","14","88","94","26852","7511",,,"28164","19403","510","610","520","620",,,"23","27"
"121983","Argosy University-San Francisco Bay Area","2013",,,,"13663",,,"559","171","1","10","34","17","3","33","4","75","100","4098","8429",,,"23227","22690",,,,,,,,
"122296","Samuel Merritt University","2013",,,,,,,"1542","589","0","27","4","12","1","44","9",,,,,,,,,,,,,,,,
"122409","San Diego State University","2013","66","31","26","6766","25068","36228","31899","27099","0","13","4","28","0","38","25","88","62","10024","5796","9856","6298",,,"480","590","500","610",,,"21","26"
"122454","San Francisco Art Institute","2013","29","83","21","38406","57932","57932","680","478","1","5","1","14","0","47","11","65","90","15149","5027",,,"40784","40793","480","600","450","560","470","600","22","27"
"122506","San Francisco Conservatory of Music","2013","69","40","28","39580",,,"399","174","0","6","2","3","0","37","6","86","100","19350","6441",,,"32910","21831",,,,,,,,
"122597","San Francisco State University","2013","45","64","19","6450","23828","34988","29905","26156","0","27","5","23","1","26","22","82","70","10220","5551","11654","9900",,,"430","550","450","560",,,"19","24"
"122755","San Jose State University","2013","48","63","21","7343","23629","34789","31278","25862","0","32","3","22","1","24","22","88","60","9757","5244","11138","9571",,,"440","550","470","600",,,"19","25"
"122834","Santa Barbara Business College-Bakersfield","2013","67",,,"12464",,,"543","543","1","2","5","76","1","14","14","69","94","5991","7191",,,"17057","16981",,,,,,,,
"122843","Westwood College-Los Angeles","2013","35",,,"15080",,,"672","661","0","5","11","17","0","9","15","50","99","5152","13326",,,"24538","24746",,,,,,,,
"122852","Santa Barbara Business College-Santa Maria","2013","76",,,"12464",,,"188","188","0","2","1","76","2","18","14","50","97","5340","10022",,,"16447","16038",,,,,,,,
"123165","Scripps College","2013","84","36","32","45564","61370","61370","1009","990","0","17","3","8","0","50","10","93","61","30707","4925",,,"28181","22193","640","733","640","720","660","750","29","32"
"123572","Sonoma State University","2013","54","82","16","7234","23295","34455","9120","8391","1","4","2","23","0","55","24","84","62","9087","5798","14396","10818",,,"450","550","450","560",,,"19","24"
"123633","South Baylo University","2013",,,,,,,"647","125","0","47","2","2","1","12","16",,,,,,,,,,,,,,,,
"123952","Southern California Institute of Architecture","2013","50","87","21","37300",,,"493","237","0","16","1","13","0","24","15","94","58","13704","7172",,,"38483","40005","430","588","590","708","433","575","19","23"
"123961","University of Southern California","2013","91","20","31","46298","62180","62180","41368","18445","0","19","5","12","0","34","9","96","67","29928","6895",,,"29889","16403","620","720","660","760","640","750","29","33"
"125727","Westmont College","2013","76","70","20","38510","53670","53670","1321","1308","0","6","1","13","0","66","12","85","99","18908","7755",,,"32852","22886","520","650","540","660","520","650","24","29"
"125763","Whittier College","2013","67","63","16","40296","53700","53700","2339","1656","1","10","4","38","0","38","13","83","94","24126","7910",,,"26188","13112","460","570","470","580","470","580","20","25"
"125897","Woodbury University","2013","45","56","24","33150","48512","48512","1607","1357","0","9","4","27","0","39","10","75","79","17444","4844",,,"24754","21584","420","540","440","550",,,"19","25"
"126076","Yeshiva Ohr Elchonon Chabad West Coast Talmudical Seminary","2013","17","100","100","13300","24850","24850","131","131","0","0","0","0","0","92","19","44","83","14273",,,,"9577","4943",,,,,,,,
"154022","Ashford University","2013","21",,,"10312","22575","22575","58104","50895","1","1","36","9","1","47","15","36","92","5698","7247",,,"20266","21253",,,,,,,,
"182005","College of Southern Nevada","2013","9",,,"2700",,,"34177","34177","1","10","11","26","2","38","23",,"71","4090","6378","7428","6438",,,,,,,,,,
"182111","The Art Institute of Las Vegas","2013","32",,,"17416","34648","34648","1097","1097","0","2","2","29","0","6","20","53","99","5222","8722",,,"24352","23758",,,,,,,,
"182281","University of Nevada-Las Vegas","2013","43","85","60","6690","22195","36105","27848","23097","0","15","7","21","1","41","21","77","92","4923","5599","12184","9197",,,"440","550","450","560","420","530","19","24"
"182290","University of Nevada-Reno","2013","51","84","45","6610","22600","36510","18776","15694","1","6","3","15","0","65","22","80","94","5190","8919","15422","12465",,,"480","590","480","600","460","560","21","26"
"182306","Great Basin College","2013","54",,,"2700","15070","21715","3181","3164","3","2","2","15","1","67","17","79","59","3193","4894","8911","7017",,,,,,,,,,
"182458","Sierra Nevada College","2013","55",,,"28483","45759","45759","955","529","2","2","4","3","1","65","15","74","93","15088","6033",,,"29512","20408",,,,,,,,
"182564","Western Nevada College","2013","19",,,"2700",,,"3975","3975","3","2","1","17","1","70","21",,"77","4040","5898","9922","9290",,,,,,,,,,
"208239","The Art Institute of Portland","2013","31",,,"17416","33370","33370","1348","1348","0","3","1","10","0","18","14","45","89","5316","8279",,,"26364","25466",,,,,,,,
"208646","Eastern Oregon University","2013","23","67","42","7530","21090","30315","4157","3754","2","2","3","6","1","78","25","64","94","5595","6399","13135","11709",,,"410","530","410","520","410","500",,
"208965","ITT Technical Institute-Portland","2013","25","83","49","18048",,,"605","605","2","5","5","4","0","79","17",,"82","4046","7344",,,"23627","23051",,,,,,,,
"209056","Lewis & Clark College","2013","75","63","12","41928","55666","55666","3521","2126","2","6","2","8","0","63","11","86","90","21450","7394",,,"32003","19244","600","700","580","670","580","690","26","31"
"209287","Multnomah University","2013","47","54","58","21850","35395","35395","777","438","1","3","3","6","1","80","15","67","93","8735","7750",,,"25198","21322","500","650","490","580","490","590","19","27"
"209490","Oregon Health & Science University","2013",,,,,,,"2838","832","0","10","1","5","0","73","8",,,,,,,,,,,,,,,,
"209506","Oregon Institute of Technology","2013","44","71","18","8548","21163","34803","4407","4366","1","5","1","7","0","75","21","74","89","5320","6198","13000","10722",,,"440","550","460","580","420","530","20","25"
"209533","Oregon College of Art and Craft","2013","33","31","76","27145","37745","37745","156","139","2","3","1","11","2","56","8","53","100","10251","5135",,,"25612","25783",,,,,,,,
"209542","Oregon State University","2013","61","79","36","8322","23559","38751","27902","23157","1","6","1","7","0","66","23","84","86","6886","6221","16219","13854",,,"480","600","490","630",,,"21","27"
"209551","University of Oregon","2013","67","74","26","9763","24352","44377","24473","20797","1","5","2","8","0","65","21","87","68","7401","7121","15362","11496",,,"490","600","500","620",,,"22","27"
"209603","Pacific Northwest College of Art","2013","36","65","30","32417","48221","48221","517","413","2","3","1","4","0","75","7","74","100","13953","7110",,,"29282","24874",,,,,,,,
"209612","Pacific University","2013","62","86","18","37024","50486","50486","3583","1785","1","14","1","7","1","59","10","79","99","20132","8078",,,"27790","21341","490","600","500","610",,,"21","27"
"209807","Portland State University","2013","42","61","42","7878","23528","38738","28260","22927","1","7","3","9","1","61","21","73","76","7115","6076","12717","11306",,,"460","590","460","580",,,,
"209922","Reed College","2013","82","49","25","46010","59630","59630","1411","1395","0","5","2","10","0","60","9","94","53","38280","4621",,,"19424","12374","660","750","620","720","638","720","28","33"
"210076","Pioneer Pacific College","2013","70",,,"14097",,,"1109","1109","2","2","2","10","1","81","10",,"95","5034","9849",,,"19446","19296",,,,,,,,
"210146","Southern Oregon University","2013","37","73","35","7438","21367","33829","5992","5500","1","2","2","8","0","55","18","67","85","5271","5721","12989","10779",,,"450","570","460","560","430","540",,
"210401","Willamette University","2013","79","58","12","42305","54813","54813","2855","2119","1","6","2","9","0","60","11","86","98","20984","7149",,,"31622","20331","540","660","540","650","535","640","24","29"
"210429","Western Oregon University","2013","44","88","41","8634","22581","35706","6177","5263","2","3","3","9","2","71","18","69","88","5611","6504","15828","15105",,,"410","530","420","540",,,,
"210438","University of Western States","2013","100",,,,,,"682","80","0","7","1","3","1","77","14",,,,,,,,,,,,,,,,
"234492","The Art Institute of Seattle","2013","28",,,"17560","35650","35650","1573","1573","0","2","1","11","0","9","20","62","86","5708","7519",,,"26625","25843",,,,,,,,
"234669","Bellevue College","2013","24",,,"3754",,,"13820","13820","1","17","4","10","0","48","19",,"43","4936","5303","7503","6345",,,,,,,,,,
"234827","Central Washington University","2013","51","82","41","8976","22785","34695","11287","10423","1","5","3","11","0","64","19","74","85","7039","5982","14374","8866",,,"430","550","450","550","420","520","18","23"
"234845","Centralia College","2013","41",,,"4335","17081","17501","3453","3453","2","1","3","8","1","75","18",,"73","6165","3750","6681","4623",,,,,,,,,,
"234915","City University of Seattle","2013","0",,,"14880",,,"2368","1272","1","4","6","6","1","41","7","40","64","1609","5622",,,"31659","31717",,,,,,,,
"234979","Columbia Basin College","2013","26",,,"4176",,,"6480","6480","1","2","1","29","0","61","21",,"66","5123","4357","8038","6893",,,,,,,,,,
"235024","Cornish College of the Arts","2013","47","59","30","33950","48370","48370","778","775","1","6","4","9","0","63","8","78","98","12038","7751",,,"33382","31163",,,,,,,,
"235097","Eastern Washington University","2013","45","80","38","7961","21626","33277","12791","11678","1","3","3","11","0","66","21","75","88","7325","5667","12547","7605",,,"420","540","430","550","410","520","18","23"
"235167","The Evergreen State College","2013","57","97","33","8574","22641","34728","4398","4087","3","2","5","7","0","66","23","74","85","7079","5789","13147","8687",,,"500","630","450","580","460","590","20","27"
"235422","Heritage University","2013","18",,,"17744",,,"1128","876","7","1","1","51","0","32","8","68","100","16199","6049",,,"9734","9263",,,,,,,,
"235510","ITT Technical Institute-Seattle","2013","33","93","38","18048",,,"444","444","3","13","17","8","0","48","23",,"75","3784","7297",,,"23662","23484",,,,,,,,
"235529","ITT Technical Institute-Spokane Valley","2013","30","95","41","18048",,,"297","297","2","3","3","3","0","82","23",,"94","5300","7556",,,"23375","22987",,,,,,,,
"235547","Bastyr University","2013",,,,,,,"1115","259","0","11","2","3","0","63","9",,,,,,,,,,,,,,,,
"235699","Lake Washington Institute of Technology","2013","20",,,"3907",,,"3819","3819","0","9","3","7","0","64","16",,"61","5685","6052","6049","6211",,,,,,,,,,
"236072","Seattle Community College-North Campus","2013","25",,,"3862",,,"6118","6118","0","9","6","6","0","45","17",,"60","6722","8262","4579","2398",,,,,,,,,,
"236188","Olympic College","2013","22",,,"3726","17334","17805","7329","7329","1","5","4","6","1","68","20",,"62","5358","6086","5316","5143",,,,,,,,,,
"236258","Peninsula College","2013","28",,,"4246",,,"2405","2405","4","1","4","7","0","60","15",,"75","4723","4891","7290","6180",,,,,,,,,,
"236328","University of Puget Sound","2013","78","85","17","41868","55948","55948","2812","2544","0","7","1","7","0","75","12","87","97","19576","7154",,,"34295","22973","570","670","550","660","550","670","25","30"
"236504","Seattle Community College-South Campus","2013","29",,,"3824",,,"4951","4951","1","12","11","7","1","48","16",,"69","5808","7500","6502","5231",,,,,,,,,,
"236513","Seattle Central College","2013","25",,,"3893",,,"7110","7110","1","11","10","6","0","35","16",,"66","6586","7600","5512","4839",,,,,,,,,,
"236939","Washington State University","2013","65","82","34","12327","27697","40779","27642","23070","1","5","3","10","0","64","15","80","79","10361","6516","16278","10232",,,"450","570","460","580","440","550","19","25"
"236948","University of Washington-Seattle Campus","2013","82","55","37","12397","27034","46608","43762","29756","1","20","2","6","0","48","15","93","55","14970","5632","9559","6220",,,"520","650","580","710","530","640","25","30"
"237011","Western Washington University","2013","69","84","35","8863","22671","33560","14950","14026","0","6","1","7","0","76","20","83","73","7618","5947","14253","8859",,,"490","620","500","600",,,"22","28"
"237057","Whitman College","2013","88","57","27","43500","56600","56600","1541","1541","0","6","1","8","0","72","9","94","91","20502","5889",,,"34363","16483","610","730","610","693","608","700","28","32"
"243744","Stanford University","2013","96","6","76","43683","60749","60749","18346","7274","0","15","4","10","0","38","11","99","66","39299","7468",,,"19109","3516","680","780","700","790","690","780","31","34"
"244011","ITT Technical Institute-Sylmar","2013","37","94","49","18048",,,"557","557","1","8","10","52","1","23","21",,"86","5285","9677",,,"20961","20149",,,,,,,,
"245838","Antioch University-Los Angeles","2013",,,,,,,"986","319","0","5","13","21","0","50","8",,,,,,,,,,,,,,,,
"245847","Antioch University-Santa Barbara","2013",,,,,,,"375","168","1","4","5","27","1","58","11",,,,,,,,,,,,,,,,
"245883","Antioch University-Seattle","2013",,"79","91","20595",,,"884","230","2","3","6","3","1","68","9","0","69","9620","5969",,,"26442","19220",,,,,,,,
"260789","Platt College-Los Angeles","2013","47",,,"14572",,,"608","608","0","15","3","70","1","8","17","89","93","4008","7912",,,"30298","29952",,,,,,,,
"262086","Brandman University","2013",,"100","71","8800",,,"7746","3885","1","5","10","23","1","49","14",,,,,,,,,,,,,,,,
"366711","California State University-San Marcos","2013","48","63","28","6649","23162","34322","11300","10738","0","9","3","36","0","36","24","82","73","9038","5652","11133","8427",,,"430","530","430","540",,,"18","23"
"372073","Fremont College","2013","60",,,,,,"344","344","0","7","19","54","0","8","19","0","92","3916","8064",,,"17066","17487",,,,,,,,
"377546","Northwest College of Art & Design","2013","36","82","63","19000",,,"94","94","5","2","2","12","1","60","18","64","93","8706","10108",,,"22629","23637",,,,,,,,
"377555","University of Washington-Bothell Campus","2013","68","76","31","11911","27658","47232","4604","4104","1","23","5","8","1","49","18","79","69","13314","5101","9400","6676",,,"430","560","460","590","420","530","19","23"
"377564","University of Washington-Tacoma Campus","2013","49","85","40","11902","27649","47223","4295","3626","1","15","7","9","1","49","17","78","83","12962","5445","9123","5594",,,"410","540","430","550","410","510","17","23"
"378406","ITT Technical Institute-Torrance","2013","30","94","42","18048",,,"457","457","1","11","25","48","0","11","31",,"86","4483","9445",,,"21428","20310",,,,,,,,
"378576","Pacific College of Oriental Medicine-San Diego","2013","50",,,"8088",,,"510","125","1","15","4","12","1","59","15",,"63","4025","8700",,,"22535","20633",,,,,,,,
"380377","Northwest Indian College","2013","9",,,"4155","13701","13701","681","681","94","0","1","0","1","2","13","25","100","5017",,"6418","5574",,,,,,,,,,
"381909","ITT Technical Institute-San Bernardino","2013","41","94","45","18048",,,"730","730","1","4","15","46","0","25","32",,"95","5024","8571",,,"19658","19944",,,,,,,,
"397270","Bristol University","2013","94",,,,,,"82","33","0","61","9","26","0","5","10",,"100","7587","875",,,"21551","13098",,,,,,,,
"398130","Mt Sierra College","2013","36",,,"13361",,,"538","538","1","9","4","47","2","19","22","57","98","5349","10692",,,"22665","22910",,,,,,,,
"399869","Southern California Institute of Technology","2013","64",,,"17130",,,"496","496","0","15","5","49","3","24","20","67","93","7094","9813",,,"21709","24182",,,,,,,,
"399911","Soka University of America","2013","84","43","61","29144","43128","43128","412","412","1","19","5","8","0","20","9","96","100","27777","6385",,,"13065","9312","500","640","580","700","540","630","25","29"
"409698","California State University-Monterey Bay","2013","38","44","16","5963","19210","30370","5732","5306","1","5","6","39","0","34","22","81","78","10080","5332","8384","5334",,,"430","540","430","540",,,"18","24"
"410502","The Art Institute of California-Argosy University Hollywood","2013","20",,,"18748","34825","34825","1906","1906","1","5","14","44","3","21","19","65","99","6453","8088",,,"27358","26286",,,,,,,,
"413848","ITT Technical Institute-Oxnard","2013","40","94","44","18048",,,"312","312","0","10","6","44","1","31","24",,"77","4051","8314",,,"22510","21921",,,,,,,,
"414531","ITT Technical Institute-Everett","2013","28","94","40","18048",,,"271","271","1","8","7","8","0","70","19",,"75","7178","7328",,,"20575","19991",,,,,,,,
"422695","Pacific College","2013","71",,,,,,"277","277","0","18","8","53","0","14","15","100","100","3531","9575",,,"15874","15085",,,,,,,,
"429599","ITT Technical Institute-Henderson","2013","33","95","40","18048",,,"469","469","1","14","14","21","1","40","20",,"85","4188","9134",,,"22951","21642",,,,,,,,
"432223","University of Phoenix-Western Washington Campus","2013","22",,,"11256",,,"642","566","1","4","16","8","5","31","13","72","98","4698","8529",,,"19333","18958",,,,,,,,
"432241","University of Phoenix-Oregon Campus","2013","21",,,"11320",,,"694","639","1","2","2","10","1","50","12","53","98","5514","8443",,,"18670","18607",,,,,,,,
"432384","Platt College-Ontario","2013","62",,,"14572",,,"467","467","1","5","9","56","1","21","13","83","93","4677","11512",,,"29230","28272",,,,,,,,
"432533","The Art Institute of California-Argosy University Los Angeles","2013","26",,,"18748","35317","35317","1808","1808","0","2","5","39","0","6","21","61","93","6808","9008",,,"26518","25692",,,,,,,,
"433004","American University of Health Sciences","2013","89","50","100","22684",,,"287","280","0","71","5","11","1","9","11","33","100","1838","10523",,,"26521",,,,,,,,,
"433420","Santa Barbara Business College-Ventura","2013","72",,,"12580",,,"349","339","1","3","9","58","0","26","15","67","97","4945","8469",,,"20468","20537",,,,,,,,
"436429","Los Angeles Film School","2013","78",,,,,,"2218","2218","0","3","23","23","0","17","15","75","48","1588","2759",,,"26293","28983",,,,,,,,
"436438","Argosy University-Orange County","2013",,,,"13663",,,"673","251","1","12","9","31","2","41","7","33","100","4724","7717",,,"21560","20387",,,,,,,,
"437219","ITT Technical Institute-Lathrop","2013","51","97","52","18048",,,"492","492","1","10","10","40","0","32","31",,"92","4557","8328",,,"21354","20343",,,,,,,,
"437848","Westwood College-Anaheim","2013","46",,,"15148",,,"772","772","1","3","2","19","1","18","18","61","100","6780","14726",,,"20656","21174",,,,,,,,
"439057","Argosy University-Seattle","2013",,,,"13663",,,"365","153","3","6","19","7","1","61","7","0","50","4857","4750",,,"21662","21662",,,,,,,,
"440299","Everest College-Ontario Metro","2013","46",,,"14238",,,"962","962","0","5","9","62","2","14","40","50","100","5289","10317",,,"22716","22524",,,,,,,,
"440484","Westwood College-Inland Empire","2013","33",,,"15134",,,"979","979","0","2","5","24","0","13","22","67","100","6368","14327",,,"22089","22345",,,,,,,,
"441900","Nevada State College","2013","14","50","48","4482",,,"3377","3377","1","10","11","21","2","45","19","68","89","5301","5132","11611","9252",,,,,,,,,,
"441937","California State University-Channel Islands","2013","52","64","17","6471","25007","36167","5140","4963","0","5","2","41","0","38","20","78","70","9757","5965","12820","10665",,,"430","530","420","530",,,"17","23"
"441973","The Art Institute of California-Argosy University Orange County","2013","36",,,"18748","35326","35326","1761","1761","0","7","2","37","1","15","19","56","94","7343","8529",,,"24760","24398",,,,,,,,
"442930","University of Antelope Valley","2013","33",,,,,,"804","793","1","2","20","45","1","30","15","73","68","3685","8260",,,"17154","17072",,,,,,,,
"442949","Birthingway College of Midwifery","2013",,,,,,,"82","82","1","2","0","2","0","79","6",,,,,,,,,,,,,,,,
"443331","West Coast University-Los Angeles","2013",,"54","33","32525",,,"1435","1374","0","37","3","20","2","32","22","83","92","5950","10872",,,"37246","35368",,,,,,,,
"443410","DigiPen Institute of Technology","2013","54","66","66","26720","41456","41456","1000","894","0","6","1","7","0","46","18","76","73","7050","7803",,,"30888","29738","540","668","553","670","520","610","25","30"
"445188","University of California-Merced","2013","57","76","14","13160","33499","56377","6195","5837","0","24","6","42","1","17","20","84","90","19877","4554","11649","8670",,,"440","550","460","590","440","550","18","24"
"445735","Roseman University of Health Sciences","2013",,,,,,,"1343","264","0","35","3","4","1","50","6",,,,,,,,,,,,,,,,
"446561","Stanbridge College","2013","70","79","59",,,,"963","963","1","23","4","29","6","27","15",,"94","5726","10996",,,"21012","21145",,,,,,,,
"446792","International Academy of Design and Technology-Henderson","2013","18",,,"15000",,,"447","447","1","7","20","12","3","29","16","46","98","5011","8273",,,"15258","14551",,,,,,,,
"446808","International Academy of Design and Technology-Seattle","2013","24",,,"15150",,,"384","384","2","7","6","2","2","28","19","54","100","5234","10135",,,"17238","16433",,,,,,,,
"447050","United States University","2013",,,,"8060",,,"282","178","0","2","4","30","2","6","7",,"36","3739","8090",,,"15372","15945",,,,,,,,
"447272","Argosy University-Los Angeles","2013",,,,"13663",,,"620","319","0","4","45","32","0","13","17","61","94","4643","8663",,,"20773","20681",,,,,,,,
"447458","Expression College for Digital Arts","2013","45",,,"23747",,,"574","574","0","5","6","7","1","20","12","84","81","6177","9521",,,"24629","22728",,,,,,,,
"448451","ITT Technical Institute-Clovis","2013","28","93","30","18048",,,"439","439","3","7","6","47","0","30","22",,"87","4114","9357",,,"21990","21657",,,,,,,,
"448576","The Art Institute of California-Argosy University Inland Empire","2013","35",,,"18748","36022","36022","2307","2307","1","3","12","51","2","21","24","73","98","5993","8010",,,"25646","24708",,,,,,,,
"449870","University of the West","2013","33",,,"9486","21640","21640","362","142","0","15","1","13","0","9","8","80","87","11470","4548",,,"8017","5502",,,,,,,,
"450094","The Art Institute of California-Argosy University Sacramento","2013","52",,,"18748","32860","32860","1185","1185","1","4","5","26","1","27","19","45","98","7095","7540",,,"26515","25599",,,,,,,,
"450447","International Academy of Design and Technology-Sacramento","2013","17",,,"15508",,,"194","194","1","9","12","5","2","17","9","63","92","5895","8500",,,"17412","16673",,,,,,,,
"450526","Argosy University-Inland Empire","2013",,,,"13663",,,"704","388","0","3","31","36","1","20","12","83","100","4780","9000",,,"19681","19502",,,,,,,,
"450544","Argosy University-San Diego","2013",,,,"13663",,,"487","270","1","5","28","25","2","37","15","60","80","3609","10500",,,"23716","21958",,,,,,,,
"450979","Trident University International","2013","58",,,"6600",,,"7093","3996","1","2","11","9","1","17","18","33","38","3757","7725",,,"15107","15251",,,,,,,,
"451848","The Art Institute of California-Argosy University-Silicon Valley","2013",,,,"18748","37135","37135","570","570","1","18","4","40","4","24","12","68","97","5273","10408",,,"26746","26386",,,,,,,,
"456427","ITT Technical Institute-Concord","2013",,"89","24","18048",,,"258","258","2","18","18","24","1","29","27",,"83","4018","8961",,,"22862","21402",,,,,,,,
"457299","Angeles College","2013","84",,,,,,"145","145","1","41","21","27","0","9","15",,"93","4865","8586",,,"15285","14574",,,,,,,,
"458210","West Coast University-Orange County","2013",,"53","17","33600",,,"1528","1528","0","44","3","15","3","26","21","91","100","5364","10494",,,"39870","39213",,,,,,,,
"458229","West Coast University-Ontario","2013",,"49","36","32525",,,"1103","1103","1","35","4","10","4","30","20","75","90","6260","22904",,,"36221","35538",,,,,,,,
"459204","Unitek College","2013","85",,,"18968",,,"904","904","0","31","4","16","2","13","15",,"82","5780","14185",,,"27925","26021",,,,,,,,
"459639","ITT Technical Institute-Corona","2013",,"98","38","18048",,,"479","479","1","6","12","40","1","31","52",,"82","4646","8967",,,"22493","21705",,,,,,,,
"459684","ITT Technical Institute-West Covina","2013",,"100","0","18048",,,"148","148","1","14","6","68","0","7","24",,"82","5244","10053",,,"21127","21471",,,,,,,,
"459693","ITT Technical Institute-Culver City","2013",,"91","35","18048",,,"319","319","1","3","32","52","0","8","40","0","91","4881","8307",,,"21819","21708",,,,,,,,
"459718","ITT Technical Institute-Las Vegas","2013",,"97","40","18048",,,"569","569","1","7","28","25","0","29","31",,"85","3814","8343",,,"23735","23916",,,,,,,,
"459727","Touro University Worldwide","2013",,"88","27","15640",,,"363","161","0","1","7","3","0","41","3","67","100","10748","5500",,,"9750","6163",,,,,,,,
"460075","California University of Management and Sciences","2013",,,,"10745",,,"405","54","0","3","1","0","0","3","12","100","6","7631",,,,"18189","20289",,,,,,,,
"460729","Allied American University","2013",,,,,,,"2628","2628","1","2","22","15","1","55","10","80","31","3649","5450",,,"16439","16534",,,,,,,,
"461148","New York Film Academy","2013",,,,,,,"1717","1344","1","19","6","9","0","34","4","86","81","8617","17690",,,"48231","46045",,,,,,,,
"461643","Bergin University of Canine Studies","2013",,,,,,,"50","32","0","2","0","4","0","84","5",,,,,,,,,,,,,,,,
"467058","ITT Technical Institute-Oakland","2013",,"90","44","18048",,,"169","169","1","12","35","28","0","12","19",,"88","3155","8272",,,"23984","23592",,,,,,,,
"475635","Academy of Couture Art","2013","71","72","33","22338",,,"21","21","0","0","33","19","0","24","5","75","29","5563","9837",,,"32826","32826",,,,,,,,
"478634","California College San Diego","2013",,,,"18480",,,"269","269","1","3","17","43","6","30","8","50","100","5014","12761",,,"23315","23093",,,,,,,,
"479600","ITT Technical Institute-Salem","2013",,"96","49","18048",,,"191","191","3","1","2","7","1","78","30",,"92","6062","9351",,,"21623","20794",,,,,,,,
"480204","Platt College-Riverside","2013",,,,"14572",,,"334","334","0","4","11","63","0","16","18",,"93","4375","9651",,,"29779","29693",,,,,,,,
"480781","California Miramar University","2013",,,,"7990",,,"317","66","0","5","5","1","0","13","16",,"8",,"3500",,,,"21442",,,,,,,,
"482389","National American University-Tigard","2013",,,,"12891",,,"46","46","2","0","11","0","2","74","11",,,,,,,,,,,,,,,,
"482431","DeVry University-California","2013","34","84","76","16010",,,"9156","7469","0","14","12","31","2","24","19","59","98","6269","8196",,,"17842","17722",,,,,,,,
"482547","DeVry University-Nevada","2013","64","80","93","16010",,,"440","293","1","8","22","20","2","40","19","50","100","4411","8204",,,"20127","20449",,,,,,,,
"482592","DeVry University-Oregon","2013","0","50","100","16010",,,"149","88","1","5","3","8","1","62","14",,,,,,,,,,,,,,,,
"482662","DeVry University-Washington","2013","29","78","86","16010",,,"673","466","1","8","10","6","2","54","21","67","100","4004","8107",,,"19112","16224",,,,,,,,
